type,id,subreddit.id,subreddit.name,subreddit.nsfw,created_utc,permalink,domain,url,selftext,title,score
post,pyw04g,2qo2a,confession,FALSE,1633046122,https://old.reddit.com/r/confession/comments/pyw04g/i_was_horrible_to_children_at_my_first_preschool/,self.confession,," 

I've always been great with children. I used to nanny and do summer camps etc. however when I got my first job in a preschool things were out of control. we were under staffed and I got EXTEREMLY overwhelmed. I was so stressed and overstimulated. Most of the children were great/ easy to work with, but these 2 problem children drove me crazy.

I engaged in power struggles with them and would sometimes be stubborn or insist on the rules rather than be gentle and allow this little overwhelmed child to have some control over their environment. I would get angry and after asking them multiple times I would just snatch the toys from their hands. I would glare at them. I used my firm voice alot.

One of them he would get angry at me and cry and I would just stare at him. Thankfully my coworker would always jump in to comfort him. I keep replaying these moments and thinking about what I could have done better. for example allowing him some space and time to transition to other activities while the other children went ahead.

It was a bad time in my life, I was not eating at the time FOR 12+ hours ( I had an ED) I had major issues in my own life and I got so overwhelmed with everything. I never got a break. but also its not fair to a little child.

For the most part I liked that place because the other children were great and I did try to do better everyday. Hearing them laugh when I organize a game for them always warmed my heart. I did put alot of effort in their activities and games. I used to buy outdoor toys from my own money.

But god that period of time was alot for me.

The memories of the bad times made me feel like shit. I feel so gross and disgusted with myself. I am embarrassed of myself. it makes me ashamed to look at my coworkers. it makes me not want to work with children ever again. I cannot stop thinking about it.

it keeps me up at night",I was horrible to children at my first preschool job,8
post,pyvzbo,2qo2a,confession,FALSE,1633046048,https://old.reddit.com/r/confession/comments/pyvzbo/i_asked_my_crush_for_sending_me_her_picture_and/,self.confession,,[removed],I asked my crush for sending me her picture and she got made at me.,1
post,pyvxtt,2qo2a,confession,FALSE,1633045902,https://old.reddit.com/r/confession/comments/pyvxtt/im_a_fucking_dunce_and_want_to_cringe_myself_out/,self.confession,,[removed],I'm a fucking dunce and want to cringe myself out existence.,1
post,pyvwgp,2qo2a,confession,FALSE,1633045767,https://old.reddit.com/r/confession/comments/pyvwgp/i_have_0_friends_and_now_i_fantasies_about_having/,self.confession,,"Hello everyone, I'm probably going to be made a laugh of but here goes nothing, I'm into girls but I crave a companion ship with a guy, I've never gotten a boner to a guy basically, in school I had no friends not even anyone I'd hang out with, anytime I see two dudes playing games together or just shooting the shit i fantasise about hangin with them, god that sounds pathetic to say, I just really want some boys to chill with, most dudes are fantasizing about getting with a girl and here i am fantasizing about drinking skate boarding and just doing mischievous things with a group of homies, I haven't even lost my kissginity yet (is that a word?) And I haven't even processed that yet because I've missed out on the most normal part of being a teenager,

I'm going to be brutally honest here and I'm not trying to sound edgy but the only guy I talk to on the regular is my plug, that's it ig, thanks for reading.",I have 0 friends and now I fantasies about having friends,22
post,pyvt7k,2qo2a,confession,FALSE,1633045443,https://old.reddit.com/r/confession/comments/pyvt7k/i_hired_a_escort_and_i_cant_live_this_with_regret/,self.confession,,[removed],I hired a escort and I can‚Äôt live this with regret I need to let this out,1
post,pyvsmx,2qo2a,confession,FALSE,1633045384,https://old.reddit.com/r/confession/comments/pyvsmx/i_had_sex_with_a_escort_and_im_really_regretting/,self.confession,,[removed],I had sex with a escort and I‚Äôm really regretting it I need to let this out,1
post,pyvnvo,2qo2a,confession,FALSE,1633044924,https://old.reddit.com/r/confession/comments/pyvnvo/someone_tell_me_what_is_wrong_with_me_and_why_im/,self.confession,,[removed],someone tell me what is wrong with me and why I'm like this,1
post,pyvj28,2qo2a,confession,FALSE,1633044471,https://old.reddit.com/r/confession/comments/pyvj28/i_set_up_cameras_in_my_sons_apartment_and_watched/,self.confession,,"My son is 20 and he does have a sex life. I ask him for details about it and he says ""I would rather not tell you details about my sex life just know it is enjoyable and I am using protection."" But that wasn't good enough for me I had to know the details. My husband said ""You should mind your own business he is an adult and I personally don't want to know what he does or what happens to him."" But he's my son I have to know the details. So I went into his apartment when he wasn't there and installed a video a camera and a bug so I could watch him. I saw that he has a 46 year old girlfriend for FWB partner and they were having sex and she was saying ""Do you like it when mommy does this"" and he replied ""Yes mommy I do please dominate me mommy"" It grossed me out! I can't get it out my head. I told my husband and he said ""You brought this on yourself I told you you might find something out you don't want to know."" I feel like I may have invaded his privacy a little, did I?",I set up cameras in my son's apartment and watched him have sex?,0
post,pyv6q3,2qo2a,confession,FALSE,1633043281,https://old.reddit.com/r/confession/comments/pyv6q3/the_reason_i_dont_kill_myself_is_that_i_wont_get/,self.confession,,[removed],The reason i dont kill myself is that i wont get to see what will happen afterwards,1
post,pyux60,2qo2a,confession,FALSE,1633042392,https://old.reddit.com/r/confession/comments/pyux60/my_mother_sexually_abused_me_for_years_and_i/,self.confession,,[removed],My mother sexually abused me for years and I haven‚Äôt told my dad.,1
post,pyulbr,2qo2a,confession,FALSE,1633041271,https://old.reddit.com/r/confession/comments/pyulbr/i_hate_my_bf_dog/,self.confession,,[removed],I hate my bf dog‚Ä¶‚Ä¶‚Ä¶‚Ä¶‚Ä¶‚Ä¶‚Ä¶‚Ä¶‚Ä¶‚Ä¶‚Ä¶‚Ä¶‚Ä¶‚Ä¶‚Ä¶‚Ä¶. ‚Ä¶‚Ä¶‚Ä¶‚Ä¶‚Ä¶‚Ä¶‚Ä¶‚Ä¶‚Ä¶‚Ä¶‚Ä¶‚Ä¶‚Ä¶‚Ä¶‚Ä¶‚Ä¶‚Ä¶‚Ä¶‚Ä¶‚Ä¶‚Ä¶‚Ä¶‚Ä¶‚Ä¶‚Ä¶‚Ä¶‚Ä¶‚Ä¶. ‚Ä¶‚Ä¶‚Ä¶‚Ä¶‚Ä¶‚Ä¶‚Ä¶‚Ä¶‚Ä¶‚Ä¶‚Ä¶‚Ä¶‚Ä¶‚Ä¶‚Ä¶‚Ä¶‚Ä¶‚Ä¶‚Ä¶‚Ä¶‚Ä¶‚Ä¶‚Ä¶‚Ä¶‚Ä¶‚Ä¶‚Ä¶‚Ä¶. ‚Ä¶‚Ä¶‚Ä¶‚Ä¶‚Ä¶‚Ä¶‚Ä¶‚Ä¶‚Ä¶‚Ä¶‚Ä¶‚Ä¶‚Ä¶‚Ä¶,1
post,pyufpy,2qo2a,confession,FALSE,1633040775,https://old.reddit.com/r/confession/comments/pyufpy/i_just_used_my_grandmas_credit_card_for_doordash/,self.confession,,[deleted],I just used my grandma‚Äôs credit card for DoorDash.,1
post,pyu6h1,2qo2a,confession,FALSE,1633039936,https://old.reddit.com/r/confession/comments/pyu6h1/the_story_of_how_i_ruined_a_lot_of_friendships/,self.confession,,[removed],The story of how I ruined a lot of friendships and broke at least 2 hearts on the hunt for true love,1
post,pyu6bq,2qo2a,confession,FALSE,1633039925,https://old.reddit.com/r/confession/comments/pyu6bq/my_daughter_told_me_she_was_molested_and_i_dont/,self.confession,,[removed],My daughter told me she was molested and I don't believe her,1
post,pyu3b6,2qo2a,confession,FALSE,1633039653,https://old.reddit.com/r/confession/comments/pyu3b6/i_hacked_an_exs_snapchat_account_and_i_think_she/,self.confession,,[removed],I hacked an ex's snapchat account and I think she found out.,1
post,pyu1sy,2qo2a,confession,FALSE,1633039522,https://old.reddit.com/r/confession/comments/pyu1sy/im_24_and_i_feel_so_behind_i_feel_so_behind_in/,self.confession,,[removed],I'm 24 and I feel so behind. I feel so behind in life.,1
post,pytkru,2qo2a,confession,FALSE,1633038041,https://old.reddit.com/r/confession/comments/pytkru/i_was_thinking_of_killing_myself_but_then/,self.confession,,[removed],I was thinking of killing myself but then realised I have nothing too end it,1
post,pyti88,2qo2a,confession,FALSE,1633037819,https://old.reddit.com/r/confession/comments/pyti88/i_dont_feel_attractive_enough_for_my_boyfriend_we/,self.confession,,[removed],I don't feel attractive enough for my boyfriend. We haven't done anything for a week when we normally do it once or twice a week. I want to know if he's telling me the truth or not,1
post,pytdwa,2qo2a,confession,FALSE,1633037446,https://old.reddit.com/r/confession/comments/pytdwa/im_afraid_taking_out_my_birth_control_will_change/,self.confession,,[removed],I‚Äôm afraid taking out my birth control will change my whole personality,1
post,pytdpo,2qo2a,confession,FALSE,1633037429,https://old.reddit.com/r/confession/comments/pytdpo/i_drove_while_a_little_high_and_its_something_i/,self.confession,,"I did one of the most immoral things that I could ever be ashamed of last May and that was driving while still a little faded from smoking marijuana with some friends. I always promised myself that I would never drive inebriated and that that was a terrible thing to do, but I thought I felt sober enough to drive but I don't think that I actually was. I pressured myself into leaving because I thought my friends would wanted to go home. My reaction time was poor and I almost bumped a parked car on the way home. 

I'm trying to settle this in my head, I feel so terrible about it. I know that I'll just do everything in my power to keep this from ever becoming a possibility in the future but I still feel awful that I did it. One of my SO's friends and her little brother died when she got hit by a truck driver lighting a bowl and I feel like I betrayed her.

I'm so sorry, I feel like I let everyone down, her down, and myself down.",I drove while a little high and it's something I always promised myself that I'd never do.,0
post,pyt69q,2qo2a,confession,FALSE,1633036781,https://old.reddit.com/r/confession/comments/pyt69q/i_have_disturbing_sexually_intrusive_thoughts/,self.confession,,[removed],"I have disturbing sexually intrusive thoughts, normal?",1
post,pyt5bp,2qo2a,confession,FALSE,1633036703,https://old.reddit.com/r/confession/comments/pyt5bp/me_and_my_friend_both_stole_something_when_i_was/,self.confession,,[deleted],Me and my friend both stole something when I was 13 and my friend got in trouble for it.,0
post,pyt0kq,2qo2a,confession,FALSE,1633036298,https://old.reddit.com/r/confession/comments/pyt0kq/my_dad_made_me_read_my_cheating_mums_sexts_when_i/,self.confession,,[removed],My dad made me read my cheating mums sexts when I was a teen.,1
post,pysedr,2qo2a,confession,FALSE,1633034428,https://old.reddit.com/r/confession/comments/pysedr/i_was_married_to_a_woman_and_i_was_gay_i_was/,self.confession,,[removed],I was married to a woman and I was gay. I was fledgling young adult trying to find a definition in the world.,1
post,pys7f4,2qo2a,confession,FALSE,1633033842,https://old.reddit.com/r/confession/comments/pys7f4/i_seriously_just_want_to_leave_my_entire_life/,self.confession,,[removed],I Seriously Just Want To Leave My Entire Life Behind And Start Over,1
post,pyrjm7,2qo2a,confession,FALSE,1633031838,https://old.reddit.com/r/confession/comments/pyrjm7/i_lied_to_my_boyfriend_for_the_first_time_and_i/,self.confession,,[removed],I lied to my boyfriend for the first time and I do feel guilty about it but...,1
post,pyr64d,2qo2a,confession,FALSE,1633030670,https://old.reddit.com/r/confession/comments/pyr64d/i_stole_200_from_my_little_sister_to_go_shopping/,self.confession,,"So for a long time I had a problem with stealing money from my family. I stole $70 from my dad just to add money to my school lunch account in middle school, $20 from my little brother to go shopping with my friends, and about 4 years ago I wanted to go to the mall to go shopping at my favorite store. But I was broke. So I went into my sister‚Äôs room and went into her bank and grabbed $200 worth of dollar bills from her piggy bank that was shaped as a crayon. And I moved the rest of the money left around to make it look like nothing was stolen. So after I stole it and went to the mall I bought a lot of things. And my parents were suspicious of how I was able to buy all of the items seeming as to how expensive that store‚Äôs items are. Since that store always has some sale/deals going on, I used that as an excuse to how I got all of the items. Making it seem like it was cheaper than it was actually. I used the ‚Äúdo you want to see the receipt for proof‚Äù so they would believe me. Then when my sister was going to take her money to buy something she noticed how she was missing some money, and I was questioned about it and lied again. Using the same excuse. She was so upset and my parents were furious and I was so afraid of my dad that I did whatever I could to seem innocent. Even saying how bad I felt for her and how horrible whoever stole her money is. I want to tell her but I would rather not have to deal with that.",I stole $200 from my little sister to go shopping and lied about it,3
post,pyr0lb,2qo2a,confession,FALSE,1633030180,https://old.reddit.com/r/confession/comments/pyr0lb/i_have_benefit_a_lot_from_nepotism_and_its_made/,self.confession,,[removed],I have benefit a lot from nepotism and it‚Äôs made me feel guilt and imposter syndrome,1
post,pyqs8t,2qo2a,confession,FALSE,1633029455,https://old.reddit.com/r/confession/comments/pyqs8t/i_took_some_photos_of_a_womans_butt_and_now_i/,self.confession,,"I was a teenager and i was a dumb, really dumb. Now i realize it was in public space, it didn't show her face, i didn't commercialize it and she was an adult woman(like 40s or 50s).",I took some photos of a woman's butt and now i feel guilt and regret,2
post,pyq49y,2qo2a,confession,FALSE,1633027479,https://old.reddit.com/r/confession/comments/pyq49y/i_get_upset_when_my_so_helps_themselves_i_would/,self.confession,,[removed],I get upset when my SO helps themselves. I would look under the door to see it.,1
post,pypy5s,2qo2a,confession,FALSE,1633026958,https://old.reddit.com/r/confession/comments/pypy5s/cake_cum_n_piss_cake_cum_n_piss_cake_cum_n_piss/,self.confession,,[removed],Cake cum n piss cake cum n piss cake cum n piss cake,1
post,pyptkk,2qo2a,confession,FALSE,1633026568,https://old.reddit.com/r/confession/comments/pyptkk/my_gf_is_trying_to_give_me_a_foot_fetish_as_a_joke/,self.confession,,[removed],my gf is trying to give me a foot fetish as a joke,1
post,pypsfd,2qo2a,confession,FALSE,1633026469,https://old.reddit.com/r/confession/comments/pypsfd/i_purposely_killed_a_man_on_his_deathbed_who/,self.confession,,[removed],I purposely killed a man on his deathbed who could‚Äôve lived months longer,1
post,pypbg2,2qo2a,confession,FALSE,1633025092,https://old.reddit.com/r/confession/comments/pypbg2/i_got_way_too_drunk_around_my_chefs_and_shared/,self.confession,,[removed],"I got way too drunk around my chefs, and shared things that was too sensitive for people I barely know",12
post,pypb2n,2qo2a,confession,FALSE,1633025061,https://old.reddit.com/r/confession/comments/pypb2n/i_sometimes_make_up_issues_at_work_or_home_just/,self.confession,,[removed],I sometimes make up issues at work or home just so I can call my dad and have a conversation with him by asking for advice or solutions,1
post,pyosk6,2qo2a,confession,FALSE,1633023517,https://old.reddit.com/r/confession/comments/pyosk6/on_my_phone_on_notes_app_you_can_find_a_suicide/,self.confession,,[removed],"On my phone, on notes app, you can find a suicide letter for every person I ‚Äòcare‚Äô about.",1
post,pyoqlk,2qo2a,confession,FALSE,1633023356,https://old.reddit.com/r/confession/comments/pyoqlk/i_didnt_want_to_get_sober_and_i_know_that_i_cant/,self.confession,,[removed],i didn‚Äôt want to get sober and i know that i can‚Äôt go back now,1
post,pynp6k,2qo2a,confession,FALSE,1633020287,https://old.reddit.com/r/confession/comments/pynp6k/i_grew_up_in_a_seminudist_freelove_hippie_commune/,self.confession,,[removed],"I grew up in a semi-nudist, free-love hippie commune",1
post,pynmzd,2qo2a,confession,FALSE,1633020106,https://old.reddit.com/r/confession/comments/pynmzd/in_the_mid_90s_i_might_have_made_my_boss_extra_fat/,self.confession,,"In the early to mid-1990s I worked for a family owned company, everyone was really nice, great place to work.  However, at some point, one of the owners got married to a woman who was really nasty and they decided that she should work for the family business.  While she technically had no authority, she was just bitter and mean.  She'd would make arbitrary office rules that nobody wanted to challenge because, we'll, she's an owners wife.  Being a generally unhappy person, she seemed bent on making everyone miserable.

She was also quite heavy, and it was during the liquid diet fad phase so she would pound these chocolate slimfast shakes all day long before having her one real food meal at home later.  I was a just a slim teenager trying to lift weights and get huge, so I would drink mass gainer shakes before bed (also big in the 90s).  One day after she called the staff out to the main room and screamed and spit at us for something inconsequential, my buddies and I made a plan to slowly cut more and more weight gainer powder into her slimfast cans to the point where it was 75% whatever carb-loaded chocolate sugar powder I was drinking.  She loved them.  She could also be overhead complaining about gaining weight no matter what she tried for the next several weeks.

The reason this is a confession and not a revenge, is that 15 years later she reached out to me on social media and we started chatting.  This time, she was remarried and no longer mean.  Turns out she was in a bad marriage with the owner, which she was taking out on us being a bit immature in her 20s.  I being older and wiser myself, realized that as a teenager all I saw was angry bitch, and I was the asshole.  So... confession to you all, but she'll never know.

Edit:  Changed months of complaining to weeks, we pulled this all off in a single night and ton of containers she kept at the office.  She must have gone through it after a good month, we didn't keep track of how fast she drank it, but she always seemed to have it in her hand.

Edit2: Thank you for the award!","In the mid 90's I might have made my ""boss"" extra fat.",796
post,pyn0om,2qo2a,confession,FALSE,1633018277,https://old.reddit.com/r/confession/comments/pyn0om/i_fucked_my_wifes_classmate_and_now_shes_pregnant/,self.confession,,[removed],I fucked my wife's classmate and now she's pregnant.,1
post,pymv4h,2qo2a,confession,FALSE,1633017829,https://old.reddit.com/r/confession/comments/pymv4h/im_a_vegetarian_but_its_not_because_i_like_fruits/,self.confession,,[removed],I'm a vegetarian but it's not because I like fruits and vegetables. It's because I hate them,2
post,pym9is,2qo2a,confession,FALSE,1633016073,https://old.reddit.com/r/confession/comments/pym9is/ive_been_married_to_my_husband_for_almost_three/,self.confession,,[removed],Ive been married to my husband for almost three years and I really miss the feeling of having a crush on someone,1
post,pyltl9,2qo2a,confession,FALSE,1633014759,https://old.reddit.com/r/confession/comments/pyltl9/i_had_a_dream_last_night_that_i_beat_my_cheating/,self.confession,,[removed],I had a dream last night that I beat my cheating ex's ass. After I felt so guilty. When the fuck does the anger and hurt go away. Im so fed up feeling this way knowing he doesn't give a shit. 5 years with him like a fool believing everything he told me. When I look back at all the red flags.,1
post,pykj7a,2qo2a,confession,FALSE,1633010896,https://old.reddit.com/r/confession/comments/pykj7a/i_have_a_few_addictions_and_i_dont_want_to/,self.confession,,[removed],I have a few addictions and I don't want to acknowledge that they are bad for me.,1
post,pyjch9,2qo2a,confession,FALSE,1633007049,https://old.reddit.com/r/confession/comments/pyjch9/i_envy_people_with_cancer_and_i_dont_know_why/,self.confession,,[removed],I envy people with cancer and i dont know why ....,1
post,pyj7yw,2qo2a,confession,FALSE,1633006628,https://old.reddit.com/r/confession/comments/pyj7yw/employment_specialist_taking_pleasure_in_precious/,self.confession,,[removed],Employment Specialist Taking Pleasure in Precious Healthcare Workers‚Äô Unemployment,1
post,pyijyj,2qo2a,confession,FALSE,1633004188,https://old.reddit.com/r/confession/comments/pyijyj/i_am_at_a_point_in_my_life_i_will_do_anything_for/,self.confession,,[removed],I am at a point in my life I will do anything for money,1
post,pyi5bq,2qo2a,confession,FALSE,1633002630,https://old.reddit.com/r/confession/comments/pyi5bq/i_became_a_bully_to_my_friends_after_being_bullied/,self.confession,,[removed],I became a bully to my friends after being bullied.,1
post,pyi46s,2qo2a,confession,FALSE,1633002501,https://old.reddit.com/r/confession/comments/pyi46s/i_want_my_boyfriend_to_come_home_and_hit_me/,self.confession,,[removed],I want my boyfriend to come home and hit me really hard.,1
post,pyi2is,2qo2a,confession,FALSE,1633002301,https://old.reddit.com/r/confession/comments/pyi2is/i_was_a_bully_to_my_friends_after_being_bullied/,self.confession,,[removed],I was a bully to my friends after being bullied myself.,1
post,pyi1gj,2qo2a,confession,FALSE,1633002174,https://old.reddit.com/r/confession/comments/pyi1gj/my_gf_was_red_and_i_didnt_know_it_was_gonna/,self.confession,,[removed],My gf was r**ed and I didn‚Äôt know it was gonna affect me,1
post,pyhzah,2qo2a,confession,FALSE,1633001926,https://old.reddit.com/r/confession/comments/pyhzah/i_blamed_a_girl_for_pissing_in_my_bed_when_it_was/,self.confession,,[removed],I blamed a girl for pissing in my bed when it was actually me who did itüòÇ,1
post,pyhvgs,2qo2a,confession,FALSE,1633001472,https://old.reddit.com/r/confession/comments/pyhvgs/my_shameless_life_part1_this_is_about_the/,self.confession,,[removed],My shameless life PART-1 This is about the terrible things I did in my life,2
post,pyhuaz,2qo2a,confession,FALSE,1633001343,https://old.reddit.com/r/confession/comments/pyhuaz/i_feel_as_if_i_have_no_life_and_i_am_paralyzed_in/,self.confession,,[removed],I feel as if I have no life and I am paralyzed in fear,1
post,pyhtku,2qo2a,confession,FALSE,1633001258,https://old.reddit.com/r/confession/comments/pyhtku/my_shameless_life_part1_this_is_about_the/,self.confession,,[removed],My shameless life PART-1 This is about the terrible things I did in my life,1
post,pyhplm,2qo2a,confession,FALSE,1633000804,https://old.reddit.com/r/confession/comments/pyhplm/im_jealous_because_my_sister_is_better_that_me/,self.confession,,[removed],I‚Äôm jealous because my sister is ‚Äúbetter that me ‚Äú,1
post,pyhcrg,2qo2a,confession,FALSE,1632999308,https://old.reddit.com/r/confession/comments/pyhcrg/sometimes_i_take_my_glasses_off_because_i_believe/,self.confession,,[removed],Sometimes I take my glasses off because I believe I don't deserve to be able to see.,1
post,pygpb7,2qo2a,confession,FALSE,1632996367,https://old.reddit.com/r/confession/comments/pygpb7/sometimes_when_im_feeling_generous_i_go_to_yard/,self.confession,,[removed],Sometimes when I'm feeling generous I go to yard sales around my city and over pay for items.,1
post,pygkjr,2qo2a,confession,FALSE,1632995772,https://old.reddit.com/r/confession/comments/pygkjr/im_a_fucking_loser/,self.confession,,[removed],I'm a fucking loser......................................................................!!!,0
post,pygbi5,2qo2a,confession,FALSE,1632994533,https://old.reddit.com/r/confession/comments/pygbi5/i_ruined_my_10_year_friendship_with_my_best/,self.confession,,[removed],I ruined my 10 year friendship with my best friend by getting with his sister. I also messed that up because of dumb decisions.,1
post,pyg3dr,2qo2a,confession,FALSE,1632993425,https://old.reddit.com/r/confession/comments/pyg3dr/i_used_to_steal_a_lot_when_i_was_a_kid_and_never/,self.confession,,[removed],I used to steal a lot when I was a kid and never got caught,1
post,pyfze2,2qo2a,confession,FALSE,1632992885,https://old.reddit.com/r/confession/comments/pyfze2/i_found_out_my_parents_grow_weed_and_sell_it_to/,self.confession,,[removed],I found out my parents grow weed and sell it to the local community,1
post,pyftpp,2qo2a,confession,FALSE,1632992099,https://old.reddit.com/r/confession/comments/pyftpp/i_scooped_fried_rice_off_the_floor_to_eat_it/,self.confession,,[removed],"I scooped Fried Rice off the floor to eat it, after a devastating fall",1
post,pyfjke,2qo2a,confession,FALSE,1632990597,https://old.reddit.com/r/confession/comments/pyfjke/i_knew_he_was_abusive_and_didnt_say_anything_i/,self.confession,,[removed],"I knew he was abusive and didn't say anything, I knew the whole time.",1
post,pyf55o,2qo2a,confession,FALSE,1632988530,https://old.reddit.com/r/confession/comments/pyf55o/viking_xl_male_enhancementsimply_viking_xl_is/,self.confession,,[removed],Viking XL Male EnhancementSimply ‚Äì Viking XL is fashioned for men who need to carry out type of. The producer claims you‚Äôll end so tough that you‚Äôll need to journey again ‚Äì it is THAT effective,1
post,pyew60,2qo2a,confession,FALSE,1632987245,https://old.reddit.com/r/confession/comments/pyew60/my_mom_tried_to_pass_me_off_as_someone_elses_kid/,self.confession,,[removed],My mom tried to pass me off as someone else's kid and he figured it out,1
post,pye7rn,2qo2a,confession,FALSE,1632984050,https://old.reddit.com/r/confession/comments/pye7rn/im_pretty_intelligent_and_know_how_to_make/,self.confession,,[deleted],I'm pretty intelligent and know how to make certain surefire things that would literally change the world but don't have the money or resources to even build any prototypes.,0
post,pydrt3,2qo2a,confession,FALSE,1632982008,https://old.reddit.com/r/confession/comments/pydrt3/when_i_was_13_me_and_my_friend_tried_to_smoke/,self.confession,,[removed],"When I was 13, me and my friend tried to smoke cigarettes.",4
post,pydqin,2qo2a,confession,FALSE,1632981858,https://old.reddit.com/r/confession/comments/pydqin/seeing_a_himeless_guy_injured_on_the_the_sidewalk/,self.confession,,[removed],Seeing a himeless guy injured on the the sidewalk and being able to help,1
post,pydjdz,2qo2a,confession,FALSE,1632981004,https://old.reddit.com/r/confession/comments/pydjdz/not_much_of_a_confession_more_of_a_question_about/,self.confession,,[removed],Not much of a confession more of a question about whats going on in my school,1
post,pyd65e,2qo2a,confession,FALSE,1632979420,https://old.reddit.com/r/confession/comments/pyd65e/i_have_very_complicated_feelings_about_my/,self.confession,,[removed],I have very complicated feelings about my recovery from a long depressive period and I distrust the stability I have worked so hard to create.,1
post,pyd2jj,2qo2a,confession,FALSE,1632978980,https://old.reddit.com/r/confession/comments/pyd2jj/when_i_was_a_kid_i_purposefully_use_static/,self.confession,,[removed],"When I was a kid I purposefully use static electricity to herd my older sister to places I want to go to when we were at the mall together. I'm sorry, it was not an accident.",1
post,pycv41,2qo2a,confession,FALSE,1632978110,https://old.reddit.com/r/confession/comments/pycv41/sometimes_i_hate_myself_someday_youll_hate_me_too/,self.confession,,[removed],Sometimes I hate myself &amp; someday you‚Äôll hate me too,1
post,pychj6,2qo2a,confession,FALSE,1632976552,https://old.reddit.com/r/confession/comments/pychj6/i_knocked_over_my_roommates_bong_and_blamed_it_on/,self.confession,,[removed],I knocked over my roommates bong and blamed it on my cat,1
post,pyc5uv,2qo2a,confession,FALSE,1632975266,https://old.reddit.com/r/confession/comments/pyc5uv/took_a_marker_and_scribbled_on_a_can_of_a_window/,self.confession,,When I was about 11 or so I found a can of ‚Äúglass cleaner‚Äù at my grandmas house. I then proceeded to make a correction to the label and I made it into ‚Äúass cleaner‚Äù and I was never caught for it,Took a marker and scribbled on a can of a window cleaner,14
post,pybsbv,2qo2a,confession,FALSE,1632973818,https://old.reddit.com/r/confession/comments/pybsbv/im_going_down_a_hole_and_i_think_i_see_the_end_i/,self.confession,,[removed],"I‚Äôm going down a hole and I think I see the end, I have posted many times here to vent or confess and I am naive I know but I just don‚Äôt know what to do about a divorce",1
post,pybluq,2qo2a,confession,FALSE,1632973117,https://old.reddit.com/r/confession/comments/pybluq/having_sex_with_someone_who_has_a_fever_feels_as/,self.confession,,[removed],Having sex with someone who has a fever feels as weird as it sounds.,1
post,pybb2t,2qo2a,confession,FALSE,1632971999,https://old.reddit.com/r/confession/comments/pybb2t/dont_leave_your_shoes_in_the_bathroom_at_workmy/,self.confession,,[removed],Don‚Äôt leave your shoes in the bathroom at work‚ÄîMy lost confession,1
post,pyb0xn,2qo2a,confession,FALSE,1632970963,https://old.reddit.com/r/confession/comments/pyb0xn/my_confession_im_not_proud_of_it/,self.confession,,[removed],My confession I'm not proud of itüò¢üò¢üò¢üò¢üò¢üò¢üò¢üò¢üò¢üò¢üò¢üò¢üò¢üò¢üò¢üò¢üò¢üò¢üò¢,1
post,pyajq1,2qo2a,confession,FALSE,1632969238,https://old.reddit.com/r/confession/comments/pyajq1/i_trick_my_coworker_into_thinking_shes_getting_fat/,self.confession,,[removed],I trick my coworker into thinking she‚Äôs getting fat,1394
post,pyaeav,2qo2a,confession,FALSE,1632968691,https://old.reddit.com/r/confession/comments/pyaeav/i_assaulted_a_drunk_friend_after_a_party_and_i/,self.confession,,[removed],I assaulted a drunk friend after a party and I don't know what to do with myself now.,2
post,pya7uu,2qo2a,confession,FALSE,1632968061,https://old.reddit.com/r/confession/comments/pya7uu/i_am_a_bank_teller_and_i_have_it_bad_for_my/,self.confession,,[removed],"I am a bank teller, and I have it bad for my branch manager (who happens to be the same gender)",6
post,py9xez,2qo2a,confession,FALSE,1632967072,https://old.reddit.com/r/confession/comments/py9xez/my_brain_is_obsessed_with_creating_scenarios/,self.confession,,[removed],My brain is obsessed with creating scenarios where I'd cheat to win fights with people who are bigger than me. And I get sexually aroused by it. I dont want to fix this mindset.,1
post,py9vnf,2qo2a,confession,FALSE,1632966899,https://old.reddit.com/r/confession/comments/py9vnf/my_grandmother_passed_away_tonight_my/,self.confession,,[removed],My grandmother passed away tonight. My grandparents kept trying to see me this month and I kept putting it off. I was just thinking I would make plans with them this weekend.,3
post,py9vfd,2qo2a,confession,FALSE,1632966878,https://old.reddit.com/r/confession/comments/py9vfd/my_brain_is_obsessed_with_creating_scenarios/,self.confession,,[removed],My brain is obsessed with creating scenarios where I'd cheat to win fights with people who are bigger than me. And I get sexually aroused by it. I dont want to fix this mindset.,1
post,py9c0l,2qo2a,confession,FALSE,1632964944,https://old.reddit.com/r/confession/comments/py9c0l/worried_my_sexual_assault_from_my_child_hood_has/,self.confession,,[removed],worried my sexual assault from my child hood has affected my chances of pregnancy in my future,1
post,py97xp,2qo2a,confession,FALSE,1632964550,https://old.reddit.com/r/confession/comments/py97xp/i_ruined_my_ex_friends_perfect_dating_partner_by/,self.confession,,[removed],I ruined my ex friends perfect dating partner by making them cheat on her,1
post,py8zjh,2qo2a,confession,FALSE,1632963713,https://old.reddit.com/r/confession/comments/py8zjh/i_cheated_for_the_first_time_and_didnt_even_enjoy/,self.confession,,[removed],I cheated for the first time and didn't even enjoy it,1
post,py8u3x,2qo2a,confession,FALSE,1632963189,https://old.reddit.com/r/confession/comments/py8u3x/this_was_supposed_to_be_a_creative_writing_short/,self.confession,,[removed],This was supposed to be a creative writing short story for my english class. but this is a 100% true story,1
post,py8qoe,2qo2a,confession,FALSE,1632962853,https://old.reddit.com/r/confession/comments/py8qoe/i_cut_myself_for_the_first_time_today_and_it_felt/,self.confession,,[removed],I cut myself for the first time today and it felt nice,1
post,py8m02,2qo2a,confession,FALSE,1632962376,https://old.reddit.com/r/confession/comments/py8m02/when_i_was_8_i_tortured_a_lizard_and_im_still_mad/,self.confession,,[removed],"When I was 8 I tortured a lizard, and I‚Äôm still mad at myself (very gross)",1
post,py8jzs,2qo2a,confession,FALSE,1632962183,https://old.reddit.com/r/confession/comments/py8jzs/ive_been_lying_to_my_mom_to_keep_from_breaking/,self.confession,,[removed],I've been lying to my mom to keep from breaking her heart,151
post,py8cm8,2qo2a,confession,FALSE,1632961456,https://old.reddit.com/r/confession/comments/py8cm8/i_make_people_sad_and_sometimes_mad_by/,self.confession,,[removed],I make people sad and sometimes mad by intentionally acting deaf.,1
post,py7tmb,2qo2a,confession,FALSE,1632959654,https://old.reddit.com/r/confession/comments/py7tmb/parked_like_an_asshole_got_a_really_guilt/,self.confession,,[removed],"parked like an asshole, got a really guilt inducing note on my windshield",1
post,py7t1e,2qo2a,confession,FALSE,1632959598,https://old.reddit.com/r/confession/comments/py7t1e/tonight_i_inadvertently_farted_in_my_coworkers/,self.confession,,[removed],Tonight I inadvertently farted in my coworkers face,1
post,py7oqv,2qo2a,confession,FALSE,1632959204,https://old.reddit.com/r/confession/comments/py7oqv/ive_had_feelings_for_my_cousin_even_after_all_the/,self.confession,,[removed],I've had feelings for my cousin even after all the no I don't act,1
post,py7o84,2qo2a,confession,FALSE,1632959151,https://old.reddit.com/r/confession/comments/py7o84/i_was_almost_arrested_for_shoplifting_and_it_made/,self.confession,,[removed],I was almost arrested for shoplifting and it made me realise I have Kleptomania,1
post,py7nop,2qo2a,confession,FALSE,1632959095,https://old.reddit.com/r/confession/comments/py7nop/i_love_the_taste_and_smell_of_my_own_blood_and_i/,self.confession,,[removed],I love the taste and smell of my own blood and I can't stop picking at my scabs and eating them,1
post,py7j98,2qo2a,confession,FALSE,1632958664,https://old.reddit.com/r/confession/comments/py7j98/what_is_something_that_you_will_take_to_the_grave/,self.confession,,[removed],What is something that you will take to the grave from your spouse?,1
post,py7gtm,2qo2a,confession,FALSE,1632958418,https://old.reddit.com/r/confession/comments/py7gtm/my_sister_is_the_epitome_of_trash_at_least_in_my/,self.confession,,[deleted],"My sister is the epitome of trash, at least in my eyes.",25